,既,512.0,0.055547554,0.38050508,0.017068543,0.5468786
,阐明,512.0,0.078040056,0.07107608,0.022015527,0.828868
,解读,509.0,0.08646266,0.061672077,0.026108835,0.82575655
总而言之,,509.0,0.056503132,0.09288716,0.05366275,0.79694784
不仅,,509.0,0.049190614,0.06726919,0.038117602,0.84542257
解说,,509.0,0.079004146,0.0761011,0.03487415,0.8100206
虽然,还,509.0,0.026950315,0.034272734,0.8520089,0.08676764
交代,,508.0,0.08646417,0.07195914,0.038478963,0.80309826
谈论,,508.0,0.089081265,0.09015643,0.04686586,0.773896
叙述,,508.0,0.07038789,0.06165287,0.039737094,0.82822263
,谈论,507.0,0.13723382,0.07852095,0.03274735,0.7514985
由于,故,507.0,0.022217352,0.8154871,0.015452473,0.146843
虽然,可是,507.0,0.009344671,0.021145355,0.91577464,0.05373509
再说,,507.0,0.06279256,0.09256588,0.041454844,0.80318683
或,才,507.0,0.08262387,0.112874255,0.04015927,0.764343
,述说,507.0,0.09602664,0.06816532,0.03448104,0.801327
譬如,,507.0,0.08053658,0.07438559,0.03232749,0.8127503
,界定,506.0,0.0881934,0.069782436,0.031572077,0.810452
,讲述,506.0,0.084932424,0.058190465,0.023855243,0.8330218
归纳,,506.0,0.056578305,0.054666266,0.023282629,0.8654732
虽然,仍,506.0,0.030576576,0.040952593,0.81032383,0.11814655
论述,,506.0,0.061473064,0.062472027,0.02756278,0.8484918
概括,,506.0,0.0485777,0.062418707,0.036626246,0.8523773
或者,或者,506.0,0.05285425,0.1255575,0.04008111,0.78150725
既然,又,506.0,0.022108888,0.6836362,0.06104888,0.23320599
凡是,就,506.0,0.03264073,0.2380493,0.15245643,0.5768532
,虽然,505.0,0.036016427,0.036808226,0.4416916,0.4854838
等等,,505.0,0.05042745,0.069866374,0.04040081,0.8393053
,陈述,505.0,0.099510275,0.06548943,0.02996155,0.8050385
,这样子,505.0,0.039846305,0.10160367,0.13137722,0.7271725
要是,就,505.0,0.022915436,0.8009554,0.04777168,0.12835708
不论,都,505.0,0.039492145,0.26239723,0.13175833,0.5663526
唯有,,505.0,0.028502755,0.1228138,0.057718243,0.7909653
诠释,,505.0,0.04656056,0.06748744,0.033866767,0.85208553
阐述,,505.0,0.058226038,0.06485514,0.029463883,0.84745526
,叙述,505.0,0.083966754,0.0669172,0.034031752,0.8150842
,归纳,505.0,0.08083334,0.07245131,0.020408306,0.82630706
假如,会,505.0,0.03964143,0.5508869,0.07310166,0.33637
,澄清,505.0,0.124027155,0.06433432,0.025686951,0.7859515
,谈到,505.0,0.24145812,0.0788289,0.034742437,0.6449704
解答,,505.0,0.060990565,0.073420055,0.02981897,0.8357707
,继而,505.0,0.12091474,0.04342797,0.033960484,0.8016968
其后,,505.0,0.39631557,0.060807977,0.020650283,0.52222633
假如,不,505.0,0.024677392,0.6402851,0.124010496,0.21102723
,夫,505.0,0.07655041,0.053672235,0.17497575,0.69480187
即使,还是,505.0,0.021871328,0.84934974,0.032640226,0.09613862
,随即,504.0,0.32655028,0.048336264,0.024283148,0.60083026
就算,,504.0,0.025036933,0.6478684,0.052828413,0.27426633
因,故,504.0,0.027627168,0.7856941,0.0177022,0.16897659
,近年,504.0,0.14438556,0.04691313,0.017778786,0.79092234
凡是,都,504.0,0.03431761,0.10537701,0.100230254,0.7600748
,指出,504.0,0.098695934,0.07170228,0.025996877,0.80360484
,以致,504.0,0.029288681,0.64051974,0.024200981,0.30599076
,讲解,504.0,0.1045474,0.071964204,0.023704635,0.7997835
,加以,504.0,0.092030995,0.06325571,0.0232779,0.8214352
首先,然后,504.0,0.06854254,0.051528346,0.043052573,0.8368764
,即使,504.0,0.03927374,0.052270193,0.464829,0.4436275
虽然,还是,504.0,0.035101756,0.085437804,0.7526011,0.12685916
既,,504.0,0.02880608,0.673997,0.014253914,0.28294313
,等等,504.0,0.054382827,0.064930566,0.05893829,0.82174885
仍然,,504.0,0.04319536,0.08437637,0.2203367,0.6520917
若,那么,504.0,0.032026034,0.20054573,0.20660949,0.5608187
自,已经,504.0,0.8493841,0.0285191,0.012245909,0.109851226
陈述,,504.0,0.07857389,0.06488349,0.031592082,0.82495046
,最早,504.0,0.09896665,0.028143879,0.019568091,0.85332084
,解说,504.0,0.08489496,0.060933355,0.03099672,0.82317513
,注明,504.0,0.07850238,0.061054256,0.018119028,0.8423244
交待,,504.0,0.09947081,0.08003356,0.043929692,0.77656597
晚期,,504.0,0.09955372,0.052854843,0.017664928,0.82992643
讲述,,504.0,0.07657656,0.056409646,0.040744808,0.8262689
要么,,504.0,0.039796617,0.070575394,0.0680236,0.8216046
,其后,504.0,0.15507303,0.037823483,0.027672024,0.77943164
即使,就,504.0,0.03816085,0.5651832,0.10817203,0.2884835
其间,,504.0,0.111306176,0.042344216,0.015261769,0.831088
尽管,却,504.0,0.045956533,0.041757576,0.7191112,0.19317424
澄清,,504.0,0.071344875,0.053887814,0.031248266,0.8435193
,表白,504.0,0.08727427,0.06304497,0.043921642,0.80575895
,就是说,504.0,0.05579798,0.062396515,0.057879206,0.82392675
说到底,,504.0,0.031683847,0.0394647,0.029730009,0.89912117
幸亏,,504.0,0.04644034,0.14453252,0.048006866,0.76102066
,阐述,504.0,0.08932249,0.07011614,0.024092307,0.81646883
若是,,504.0,0.028071031,0.7277242,0.05331892,0.19088541
由于,无法,504.0,0.02421072,0.854147,0.011820489,0.10982173
,表述,504.0,0.064999856,0.04996796,0.038107242,0.8469248
,免得,504.0,0.043500315,0.34096727,0.021089327,0.5944429
,论述,504.0,0.0811285,0.06207779,0.02790599,0.8288876
,交待,504.0,0.11576617,0.08035853,0.032292467,0.77158284
简而言之,,504.0,0.050668646,0.032029174,0.022486454,0.8948161
,省得,504.0,0.04219326,0.3586108,0.019801546,0.57939416
首先,再,504.0,0.11639318,0.052963104,0.028568229,0.8020756
简言之,,504.0,0.027847957,0.020792777,0.016697299,0.93466187
不仅,亦,504.0,0.07683045,0.086701825,0.05774613,0.77872187
不仅,同时,504.0,0.056385905,0.08549634,0.046429362,0.8116886
加以,,504.0,0.06956333,0.08775849,0.034075018,0.8086035
述说,,504.0,0.09814901,0.07682489,0.04136174,0.783664
,说教,504.0,0.06200998,0.06693538,0.040843938,0.83021075
或,,503.0,0.069197655,0.09110132,0.030284505,0.8094165
因,,503.0,0.041686937,0.73219675,0.01708276,0.20903346
,讲,503.0,0.08107585,0.0656951,0.034577142,0.8186519
尽管,但是,503.0,0.010674067,0.028997932,0.86447334,0.09585451
,另外,503.0,0.06780981,0.05788937,0.07730999,0.79699075
要是,,503.0,0.026415536,0.699313,0.050492406,0.223779
只要,,503.0,0.026792891,0.6601882,0.053267125,0.2597517
虽然,不过,503.0,0.0076712784,0.017971667,0.9269983,0.047358382
以后,,503.0,0.7514714,0.03630353,0.016971318,0.19525386
由于,所以,503.0,0.016408185,0.85245085,0.01767678,0.113464385
还是,还是,503.0,0.03985348,0.12133713,0.08200494,0.7568044
况且,,503.0,0.10267276,0.06619261,0.047167975,0.7839667
,后期,503.0,0.10364269,0.036683146,0.014129456,0.8455446
紧接着,,503.0,0.48714662,0.051195018,0.017012283,0.44464603
,诠释,503.0,0.058627117,0.05801314,0.033862453,0.84949714
,凡,503.0,0.039823603,0.12129935,0.06912311,0.7697539
因为,才,503.0,0.03836272,0.70843965,0.025446067,0.22775193
今后,,503.0,0.66829103,0.058821056,0.02244939,0.25043884
,不然,503.0,0.030628351,0.19039792,0.16283445,0.61613965
凡,,503.0,0.04094475,0.13700207,0.049513385,0.7725398
,说到底,503.0,0.031342987,0.04343829,0.028367875,0.8968512
谈起,,503.0,0.11287584,0.12748083,0.043628354,0.7160146
致,,503.0,0.03829122,0.6137823,0.017849522,0.3300771
只要,便,503.0,0.028887218,0.6476041,0.10177019,0.22173849
只要,会,503.0,0.027609395,0.62845504,0.09890911,0.245027
尽管,仍然,503.0,0.045954756,0.09652224,0.6209162,0.2366069
依然,,503.0,0.035654526,0.06286212,0.14482675,0.7566568
夫,,503.0,0.047957864,0.057994433,0.18424185,0.70980597
,就算,503.0,0.055320006,0.25291112,0.07148647,0.6202825
,可想而知,503.0,0.052634716,0.31829524,0.050323367,0.5787468
,不论,503.0,0.025720665,0.0742257,0.1044796,0.795574
即使,仍,503.0,0.05131795,0.49097896,0.09973406,0.35796908
如此一来,,503.0,0.1130494,0.11935709,0.064149104,0.7034443
谈到,,503.0,0.13208562,0.1246676,0.04060055,0.70264614
解读,,503.0,0.058084052,0.06438443,0.03316755,0.8443637
要么,要么,503.0,0.037663534,0.08908235,0.07417418,0.7990797
外传,,503.0,0.07717448,0.05678878,0.031460185,0.83457696
由于,就,503.0,0.022601789,0.8875935,0.010356917,0.07944783
既然,那么,503.0,0.022043329,0.61365753,0.090259425,0.27403983
若,也,503.0,0.024905687,0.71940845,0.067242645,0.18844338
顾名思义,,503.0,0.055984885,0.06060429,0.03598578,0.8474254
,假设,503.0,0.058287095,0.10052804,0.06461373,0.7765706
若,就,503.0,0.024287881,0.7220204,0.07276075,0.1809306
也就是说,,503.0,0.13464056,0.063427806,0.029743714,0.7721872
以便,,503.0,0.039635554,0.49834108,0.020451529,0.4415718
,而今,503.0,0.14625558,0.038927604,0.033510122,0.7813068
,谈起,503.0,0.16128641,0.082182236,0.03533387,0.7211972
一定,不然,503.0,0.020050488,0.21528782,0.20003548,0.56462634
除此以外,,503.0,0.09790802,0.04839007,0.036122303,0.8175796
要是,不,503.0,0.024338057,0.69269073,0.08469953,0.19827183
由于,而,503.0,0.020220783,0.79007816,0.021626582,0.16807456
可见,,503.0,0.09568898,0.042203717,0.023559025,0.83854884
除非,不然,503.0,0.010367244,0.037050005,0.89326066,0.059322033
只不过,,503.0,0.035443407,0.047610633,0.6919875,0.22495869
不但,反而,503.0,0.06035419,0.08300774,0.07347609,0.783162
,叙事,503.0,0.057776816,0.050785,0.022606306,0.8688325
,假如,503.0,0.033080846,0.052090906,0.053257205,0.8615709
,幸好,503.0,0.047748797,0.117005445,0.07797563,0.75727034
更有甚者,,503.0,0.15260166,0.042055927,0.022105288,0.7832371
,幸亏,503.0,0.04933065,0.09910278,0.034624353,0.81694204
幸而,,503.0,0.06152308,0.29483554,0.046425797,0.5972158
,接着,502.0,0.1962836,0.04564077,0.028070252,0.73000515
,最后,502.0,0.10636701,0.040119715,0.034039225,0.8194746
既,又,502.0,0.03461937,0.06597511,0.049058367,0.85034686
其次,,502.0,0.08573669,0.05428471,0.02381962,0.8361593
虽然,,502.0,0.034578264,0.052836575,0.7638765,0.14870879
只有,就,502.0,0.03678378,0.13197541,0.18787155,0.6433692
随即,,502.0,0.1571808,0.057300813,0.019113615,0.76640487
最早,,502.0,0.061453734,0.031619135,0.023280976,0.8836469
,交代,502.0,0.11223345,0.07916061,0.03085007,0.7777562
,例如,502.0,0.048047684,0.06605074,0.043701734,0.84219974
而今,,502.0,0.38812348,0.061796624,0.023624612,0.5264553
,总之,502.0,0.05847817,0.07885056,0.09125456,0.77141666
,外传,502.0,0.107889295,0.05414523,0.026019389,0.81194586
既然,,502.0,0.021265896,0.7805211,0.036059797,0.1621533
话说,,502.0,0.18086255,0.08776857,0.0506452,0.6807235
如果,则,502.0,0.029619584,0.5728952,0.10277132,0.29471394
因,所以,502.0,0.02257277,0.83198917,0.018206289,0.12723142
,稍后,502.0,0.16390423,0.04651118,0.022528695,0.7670554
,同时,502.0,0.12507707,0.062310614,0.033853345,0.7787588
且,,502.0,0.07143107,0.084341876,0.0313726,0.81285423
注明,,502.0,0.07761686,0.08159544,0.026037317,0.81475
如,则,502.0,0.03962746,0.39131254,0.0545729,0.51448715
要是,也,502.0,0.026303185,0.7235147,0.062340308,0.18784177
尽管,,502.0,0.0421387,0.07355201,0.6498082,0.23450126
因为,就,502.0,0.03953329,0.7792998,0.02481831,0.15634857
并且,,502.0,0.08733973,0.09725567,0.03067676,0.78472733
始终,,502.0,0.054392934,0.04432685,0.027907051,0.8733725
,惟有,502.0,0.033573315,0.08120621,0.055438746,0.8297819
凡,皆,502.0,0.034800153,0.13655037,0.10285609,0.72579324
既然,当然,502.0,0.01875821,0.7922909,0.034954127,0.15399662
虽然,仍然,502.0,0.036843523,0.056952175,0.7722637,0.13394068
,抑或,502.0,0.027861772,0.05202184,0.053629376,0.86648697
,后来,502.0,0.11115272,0.04800429,0.034988176,0.80585486
界定,,502.0,0.052533757,0.094900906,0.032732952,0.8198322
惟有,,502.0,0.035116777,0.6218542,0.08790107,0.255128
尽管,仍,502.0,0.033148564,0.050714675,0.7463346,0.16980232
自述,,502.0,0.06886471,0.058216237,0.03713088,0.8357884
就是说,,502.0,0.06199346,0.051745884,0.035622545,0.85063815
反之,,502.0,0.110736765,0.06427902,0.15479414,0.67019
,其次,502.0,0.028341362,0.053978693,0.11323355,0.80444616
凡是,,502.0,0.035229404,0.16476257,0.0892627,0.7107451
只要,即,502.0,0.029198278,0.6718664,0.08240343,0.21653204
或,则,502.0,0.07743583,0.09298475,0.047280964,0.78229874
凡,均,502.0,0.035561595,0.10583154,0.06566281,0.792944
,概括,502.0,0.06341798,0.088903375,0.02596209,0.8217161
,无论,502.0,0.032477297,0.0962605,0.17452282,0.6967394
表白,,502.0,0.08493902,0.0715073,0.045327406,0.7982261
因,以,502.0,0.036981538,0.7244796,0.014915523,0.22362311
,何况,502.0,0.038629185,0.08196517,0.15420173,0.72520375
,到头来,502.0,0.091197886,0.048293795,0.042715512,0.8177927
,另一方面,502.0,0.08604196,0.067641705,0.1203016,0.7260148
除非,否则,502.0,0.021039924,0.08641064,0.72410613,0.16844347
固然,,502.0,0.030708926,0.067845106,0.38609844,0.51534766
,固然,502.0,0.05797186,0.057641987,0.26782542,0.6165609
或,甚至,502.0,0.050970536,0.104343615,0.061007388,0.78367895
如,会,502.0,0.039287306,0.58206886,0.031792603,0.34685117
目前,未来,502.0,0.47046766,0.06406042,0.031042486,0.43442965
既,就,502.0,0.029467069,0.70813465,0.022357242,0.24004115
,不仅,502.0,0.09689114,0.048416834,0.042819086,0.811873
凡,将,502.0,0.050853398,0.23405893,0.083651036,0.63143665
首先,并,502.0,0.063544996,0.08052133,0.034434278,0.82149947
这样子,,502.0,0.03780121,0.11677514,0.090648234,0.7547757
惟有,才,502.0,0.03080121,0.62105674,0.0963879,0.25175425
假如,也,502.0,0.030705271,0.6386954,0.092989735,0.23760945
要是,还,502.0,0.029641459,0.6689369,0.07830991,0.22311205
不管,就,502.0,0.023809226,0.7216938,0.06851888,0.18597783
固然,但,502.0,0.010443866,0.026873522,0.82973343,0.13294898
还好,不然,502.0,0.032180745,0.35257947,0.12003299,0.4952069
,晚期,502.0,0.11625131,0.037986543,0.01706843,0.8286937
假使,,502.0,0.028131075,0.6312407,0.07440256,0.26622534
凡,也,502.0,0.04237383,0.20304362,0.093741864,0.6608405
凡,就,502.0,0.041340858,0.17590877,0.16814893,0.61460143
凡,可,502.0,0.04234131,0.11663711,0.03422165,0.8068001
即使,都,502.0,0.045459878,0.284613,0.12742464,0.5425021
继而,,502.0,0.1946032,0.07818182,0.020422418,0.70679265
既然,应该,502.0,0.020835321,0.7774152,0.031035343,0.17071421
假如,那,502.0,0.030452657,0.3372449,0.23446299,0.39783934
讲,,501.0,0.06645098,0.12032836,0.041741174,0.77147967
,亦,501.0,0.121145435,0.066171184,0.043888927,0.7687949
可是,,501.0,0.08616254,0.09898246,0.3391642,0.47569075
虽然,但,501.0,0.014849435,0.028884703,0.8753866,0.080878355
之后,,501.0,0.8520837,0.026739772,0.010901149,0.11027546
其实,,501.0,0.056350246,0.058225323,0.23369409,0.6517303
但,,501.0,0.06870508,0.08820475,0.35814843,0.4849419
因为,所以,501.0,0.026860487,0.78032774,0.02352183,0.16928974
并,,501.0,0.06034845,0.069710575,0.031482708,0.8384579
可能,,501.0,0.03121699,0.14601171,0.06574812,0.757023
无论,,501.0,0.04564144,0.3214631,0.07671694,0.55617845
而且,,501.0,0.1009183,0.09051557,0.0414589,0.7671073
,解释,501.0,0.060263965,0.05517816,0.024264762,0.86029303
,盖,501.0,0.13031505,0.067571186,0.029690538,0.7724237
,可能,501.0,0.06740024,0.15313178,0.051143814,0.72832435
等,,501.0,0.069566086,0.08239893,0.04054804,0.8074865
至今,,501.0,0.22761925,0.044511825,0.020625835,0.70724285
像,,501.0,0.063943945,0.08228247,0.047311183,0.8064628
不但,更,501.0,0.039612066,0.05950048,0.06478791,0.83609974
,说明,501.0,0.07922615,0.0763775,0.028695488,0.8157007
既,也,501.0,0.032285728,0.06490868,0.07073972,0.83206636
最后,,501.0,0.23615739,0.06326592,0.02374627,0.67683005
,并且,501.0,0.06579417,0.055317335,0.04610809,0.83278066
,因此,501.0,0.026233342,0.7557833,0.026062509,0.19192082
未来,,501.0,0.4821387,0.061503194,0.028455313,0.427903
不仅,还,501.0,0.063458286,0.08281384,0.05808315,0.7956452
,还是,501.0,0.0738222,0.13376093,0.06963508,0.72278184
表示,,501.0,0.055243056,0.047537446,0.029608894,0.86761075
如果,将,501.0,0.03002487,0.71160036,0.05629322,0.20208147
即使,也,501.0,0.034022443,0.56421214,0.10100889,0.30075672
因为,而,501.0,0.031096334,0.49117216,0.07515419,0.40257728
,依然,501.0,0.12003709,0.078116864,0.18852136,0.6133253
,其实,501.0,0.04478365,0.062029812,0.4987159,0.39447027
终于,,501.0,0.15317123,0.051773954,0.018243665,0.7768115
,不管,501.0,0.02939825,0.086124115,0.11681388,0.767664
,看来,501.0,0.043673243,0.13395324,0.04632623,0.7760471
同时,,501.0,0.106859215,0.07781927,0.023891415,0.79143006
或者,,501.0,0.056259796,0.08655841,0.036215443,0.8209666
如今,,501.0,0.7269609,0.047862433,0.018344825,0.20683222
不管,都,501.0,0.03125227,0.50004333,0.091396935,0.37730733
,然而,501.0,0.019172562,0.022407124,0.8179499,0.1404705
曾,,501.0,0.08137696,0.04720722,0.023763947,0.8476514
,如今,501.0,0.15166834,0.04480345,0.037596505,0.765931
可想而知,,501.0,0.037526574,0.13238001,0.06999694,0.7600964
只要,就,501.0,0.026117409,0.6536023,0.105007924,0.21527246
就算,也,501.0,0.018207222,0.7624871,0.049724944,0.16958095
或是,,501.0,0.08057216,0.11699552,0.0399754,0.7624564
,如果,501.0,0.039026495,0.07628091,0.063626274,0.82106626
甚至,,501.0,0.073393874,0.08584407,0.05070694,0.7900554
,以免,501.0,0.022412362,0.7212548,0.02997439,0.22635862
既然,就,501.0,0.017077463,0.86181635,0.024452958,0.09665387
如果,可能,501.0,0.028618483,0.6962917,0.057547946,0.21754198
同样,,501.0,0.049680617,0.068791956,0.050172776,0.8313551
,过去,501.0,0.21652247,0.044086806,0.031139253,0.7082518
,致,501.0,0.046632573,0.5905552,0.0143528,0.34845942
,当时,501.0,0.12990353,0.038352676,0.031205572,0.80053866
虽然,却,501.0,0.04239474,0.03706597,0.745836,0.17470346
,仍然,501.0,0.11034886,0.0798654,0.19760582,0.6121799
总之,,501.0,0.10502521,0.077333,0.028824354,0.78881794
以免,,501.0,0.01898091,0.8676714,0.008958609,0.10438877
,以便,501.0,0.044405267,0.24253552,0.03664461,0.67641443
,由于,501.0,0.062218126,0.3619455,0.04259723,0.533239
如,就,501.0,0.047514215,0.5356509,0.05377306,0.36306214
,总结,501.0,0.100251734,0.07195938,0.020741705,0.80704755
不但,也,501.0,0.051807016,0.075694494,0.06199238,0.81050587
如,将,501.0,0.041869055,0.6710622,0.025910325,0.26115832
因而,,501.0,0.06262399,0.6430147,0.016630877,0.27773017
若,则,501.0,0.02896233,0.63711894,0.07793319,0.25598556
纵使,也,501.0,0.029626643,0.6396857,0.06032882,0.2703586
不然,,501.0,0.06484412,0.2816815,0.050918125,0.602556
,进而,501.0,0.061073706,0.060250934,0.037971754,0.8407034
,除非,501.0,0.019805357,0.080452375,0.07140288,0.82833946
假如,,501.0,0.035079025,0.5715016,0.07473259,0.31868678
据悉,,501.0,0.16352051,0.0310234,0.0142244855,0.7912316
假如,就,501.0,0.022999777,0.7429318,0.07320985,0.1608583
,只不过,501.0,0.014820478,0.020042686,0.85014766,0.11498934
如,应,501.0,0.040810306,0.7236328,0.012562771,0.22299396
不论,,501.0,0.03720787,0.42690313,0.11812837,0.41776046
讲解,,501.0,0.08376887,0.08155764,0.027218554,0.8074552
不仅,反而,501.0,0.06202933,0.091413274,0.07893431,0.7676228
尽管,还是,501.0,0.033048745,0.10236413,0.7124583,0.15212883
即使,,501.0,0.03550727,0.05041344,0.7565347,0.15754464
不但,还,501.0,0.06260017,0.078167334,0.058451492,0.800781
或,更,501.0,0.06300481,0.14087507,0.047770306,0.74835044
,反之,501.0,0.026501056,0.024502298,0.8017337,0.14726295
总的来说,,501.0,0.08356568,0.041306995,0.028552284,0.84657484
若,将,501.0,0.026740069,0.790929,0.038695466,0.14363608
据传,,501.0,0.15407358,0.03998365,0.028028209,0.77791464
除非,,501.0,0.034687158,0.5803637,0.096949756,0.28799954
只要,可以,501.0,0.025814956,0.58322406,0.07918849,0.31177264
故,,501.0,0.03471969,0.64099246,0.016735565,0.30755192
凡,都,501.0,0.037725404,0.09308702,0.0757819,0.7934063
稍后,,501.0,0.35062176,0.059270732,0.017636761,0.57247055
不但,而且,501.0,0.04172703,0.076002434,0.053366896,0.8289038
只要,都,501.0,0.033616617,0.37681264,0.124125876,0.4654448
,早期,501.0,0.090339504,0.044595905,0.017855369,0.8472094
后期,,501.0,0.16741467,0.04922626,0.018207632,0.7651515
何况,,501.0,0.111600325,0.10187429,0.058116395,0.72840935
换言之,,501.0,0.036339913,0.028163139,0.015328112,0.9201683
凡,不,501.0,0.04351905,0.21511358,0.10657179,0.6347959
,既然,501.0,0.034835313,0.13671967,0.03865755,0.7897868
表述,,501.0,0.046630293,0.042633053,0.045985214,0.86475116
既,更,501.0,0.03687689,0.0504836,0.045496356,0.8671429
当时,现在,501.0,0.5031409,0.059834037,0.05113492,0.38589004
因为,因此,501.0,0.01811798,0.8639316,0.016632488,0.10131811
首先,其次,501.0,0.022444263,0.07032683,0.14604914,0.7611794
,紧接着,501.0,0.20570587,0.043914735,0.030917102,0.719462
据称,,501.0,0.12855615,0.03857394,0.018368293,0.8145015
不管,也,501.0,0.024957819,0.6714951,0.0807078,0.2228391
叙事,,501.0,0.05327055,0.055020075,0.028442321,0.8632671
归结,,501.0,0.057471983,0.06355167,0.047979742,0.8309965
凡,应,501.0,0.046161536,0.19419472,0.03721254,0.7224308
还是,还,501.0,0.043044005,0.08066934,0.10221767,0.7740686
,阐释,501.0,0.07851089,0.06268354,0.024766874,0.8340386
,再说,501.0,0.05673196,0.07202763,0.04271465,0.8285258
幸好,不然,501.0,0.0351371,0.25864473,0.13395095,0.5722667
,况且,501.0,0.041846655,0.05660449,0.09720276,0.80434644
或,或者,501.0,0.050829053,0.12162341,0.03860275,0.78894514
或是,或是,501.0,0.039404433,0.045134943,0.021562759,0.89389783
倘若,就,501.0,0.04246924,0.516829,0.06570891,0.3749928
要是,会,501.0,0.033005103,0.62303066,0.055040926,0.28892326
抑或,,501.0,0.049407974,0.06285871,0.039571777,0.84816146
说教,,501.0,0.05861267,0.09158815,0.04384309,0.80595565
假如,那么,501.0,0.034784377,0.21886052,0.27326998,0.47308493
,而,500.0,0.03717956,0.061291184,0.4277909,0.47373852
,也,500.0,0.07903696,0.09038548,0.065242685,0.7653344
,若,500.0,0.044207893,0.06362182,0.047057267,0.84511316
还,,500.0,0.058668625,0.10140175,0.0686144,0.7713154
,更,500.0,0.08891764,0.081996985,0.04606885,0.7830169
亦,,500.0,0.053517934,0.06177073,0.03634766,0.8483634
虽然,但是,500.0,0.011449159,0.02623156,0.8848751,0.07744439
,还,500.0,0.110406585,0.080283426,0.07348222,0.7358281
再,,500.0,0.07889971,0.07701015,0.037654378,0.806436
也,,500.0,0.044156417,0.08508252,0.07248744,0.7982735
,说,500.0,0.07920277,0.06624852,0.037969884,0.81657887
说,,500.0,0.055849932,0.06836781,0.047726,0.82805586
如,,500.0,0.06781834,0.118831135,0.031773243,0.7815772
,却,500.0,0.113136254,0.04711151,0.26787877,0.5718733
,目前,500.0,0.22511908,0.036945973,0.029731212,0.70820355
更,,500.0,0.057300866,0.090720125,0.046889406,0.8050896
目前,,500.0,0.7416742,0.041856106,0.016985951,0.19948375
因此,,500.0,0.0855016,0.5624454,0.01690541,0.33514768
,表示,500.0,0.11405933,0.08874813,0.02425581,0.7729369
,并,500.0,0.0890076,0.062292196,0.029198691,0.81950134
为了,,500.0,0.043750316,0.6347524,0.01694537,0.30455214
现在,,500.0,0.4431302,0.07417061,0.034170046,0.44852912
然后,,500.0,0.1857043,0.06730946,0.020139515,0.72684705
而,,500.0,0.05470409,0.085509256,0.17000407,0.6897826
,但,500.0,0.02887573,0.0331861,0.7411443,0.19679368
,等,500.0,0.0809351,0.072101995,0.04725285,0.79971
看来,,500.0,0.057458673,0.5805656,0.027965197,0.3340107
,因为,500.0,0.035231363,0.34572533,0.052895643,0.5661477
由于,,500.0,0.025941763,0.84221596,0.009502608,0.12233977
还是,,500.0,0.04151203,0.0758117,0.060171667,0.8225047
,或,500.0,0.08942091,0.13612463,0.032597538,0.7418569
,之后,500.0,0.16960326,0.037224397,0.024003057,0.7691693
若,,500.0,0.027042367,0.7259565,0.039598037,0.2074034
又,,500.0,0.059923206,0.08358904,0.05627869,0.80020934
如果,就,500.0,0.019804064,0.7548862,0.06840656,0.15690334
这样一来,,500.0,0.12468108,0.2208475,0.058528647,0.5959428
,以及,500.0,0.042032197,0.042853586,0.023299295,0.89181465
,甚至,500.0,0.08164105,0.06286878,0.0705967,0.7848935
,又,500.0,0.11999549,0.07253629,0.06252922,0.7449385
不过,,500.0,0.081695445,0.09195675,0.23121184,0.5951362
,但是,500.0,0.023173736,0.028972391,0.75763804,0.19021618
,即,500.0,0.10096986,0.08226681,0.036048904,0.780714
,像,500.0,0.06087348,0.07420908,0.055356752,0.8095608
如果,会,500.0,0.02854492,0.5993216,0.06408726,0.3080459
,随后,500.0,0.16501966,0.045427162,0.029517034,0.76003635
如果,,500.0,0.026153658,0.67565095,0.049874768,0.24832049
,最初,500.0,0.08222494,0.036855876,0.029022386,0.851897
因为,,500.0,0.04505085,0.6565602,0.020512955,0.27787614
最近,,500.0,0.34552,0.07004739,0.028637903,0.5557942
不仅,也,500.0,0.049088463,0.07076459,0.058318008,0.82182914
如果,那么,500.0,0.028951105,0.25490424,0.19739302,0.5187516
介绍,,500.0,0.058052205,0.061020277,0.024259292,0.85666794
,只有,500.0,0.043545302,0.12759729,0.076725885,0.75213087
所以,,500.0,0.057074163,0.50614154,0.024982866,0.41180167
,之类,500.0,0.05041989,0.054244056,0.0492681,0.8460678
,据说,500.0,0.057112135,0.067751594,0.07265831,0.8024775
,所以,500.0,0.028166955,0.5066832,0.052949484,0.41220048
,为了,500.0,0.045496285,0.14063065,0.033998378,0.77987474
,终于,500.0,0.42392018,0.061288852,0.029893802,0.4848971
,解答,500.0,0.07942009,0.07468011,0.020649139,0.82525074
,曾,500.0,0.3412569,0.042170916,0.027077595,0.5894944
,故,500.0,0.037839554,0.2220445,0.04105161,0.69906414
,因,500.0,0.08909443,0.33377722,0.031396642,0.54573166
尽管,但,500.0,0.011807139,0.025704578,0.8898615,0.07262651
近年,,500.0,0.8228194,0.031664535,0.012641459,0.13287498
,介绍,500.0,0.08350683,0.06585897,0.023635011,0.8269993
只有,才,500.0,0.043424316,0.43299142,0.09328549,0.4302989
据说,,500.0,0.075636245,0.056893922,0.039481312,0.82798856
,再,500.0,0.15527712,0.074627966,0.039114837,0.73098
指出,,500.0,0.06523479,0.055877898,0.028738745,0.8501482
,可是,500.0,0.024854828,0.030035684,0.7757833,0.16932619
,如,500.0,0.063742705,0.066065736,0.051168345,0.81902266
最初,,500.0,0.15061086,0.04516199,0.024449233,0.77977777
过去,,500.0,0.6795284,0.053994108,0.02786798,0.23860969
只有,,500.0,0.030149931,0.09358503,0.096897885,0.77936685
接着,,500.0,0.20240931,0.059433803,0.024657313,0.71349996
,而且,500.0,0.039038073,0.050758656,0.06833225,0.84187114
却,,500.0,0.042270023,0.078957945,0.38739505,0.4913768
,现在,500.0,0.080270156,0.028833166,0.035993736,0.8549028
,始终,500.0,0.19503506,0.045369074,0.02533921,0.7342564
不仅,而且,500.0,0.032293476,0.052196227,0.038862396,0.8766477
,同样,500.0,0.092739396,0.081419,0.049076196,0.77676594
随后,,500.0,0.39563152,0.058850672,0.01738827,0.52812994
,否则,500.0,0.037687026,0.13498335,0.14715159,0.68017775
然而,,500.0,0.11682095,0.06185104,0.23327726,0.5880502
以及,,500.0,0.048312332,0.09884413,0.026852138,0.8259911
,至今,500.0,0.17860514,0.03592683,0.02837607,0.75709176
盖,,500.0,0.08632915,0.078831375,0.039731547,0.79510796
,且,500.0,0.04618157,0.03791147,0.023756757,0.89215004
,接下来,500.0,0.11318684,0.04603328,0.032606132,0.8081743
,或者,500.0,0.07241847,0.13170607,0.048163526,0.74771166
但是,,500.0,0.08562525,0.07715006,0.20866975,0.62855506
,未来,500.0,0.091207005,0.039570782,0.022432314,0.84678996
即,,500.0,0.056425117,0.06916355,0.032170143,0.8422408
或,或,500.0,0.07012186,0.12696202,0.026079949,0.7768363
,唯有,500.0,0.06463081,0.13283573,0.092733,0.70980036
,反而,500.0,0.11401793,0.08659881,0.07685559,0.72252744
假设,,500.0,0.04228161,0.09274796,0.08499864,0.7799716
,或是,500.0,0.050866183,0.059867777,0.030894248,0.8583717
另外,,500.0,0.09033692,0.060781576,0.041706678,0.8071754
,不过,500.0,0.02257666,0.023865376,0.8097168,0.14384134
,尽管,500.0,0.0381936,0.044820487,0.3065527,0.6104334
幸好,,500.0,0.05566418,0.14316969,0.04044497,0.76072127
,比如,500.0,0.042190745,0.052153252,0.046228353,0.8594278
,因而,500.0,0.035418663,0.2831811,0.051485352,0.6299153
,以后,500.0,0.13535906,0.052118927,0.03074503,0.7817765
说明,,500.0,0.06147769,0.06261403,0.03386928,0.84203917
倘若,,500.0,0.040128727,0.17903054,0.055101786,0.72573894
,最近,500.0,0.112641096,0.03766918,0.026717361,0.8229727
例如,,500.0,0.077741176,0.049902752,0.028878916,0.84347755
,尤其,500.0,0.07153212,0.062495936,0.05413131,0.8118408
无论,都,500.0,0.04315609,0.17433582,0.083790876,0.6987172
不仅,更,500.0,0.034327567,0.05727648,0.06721811,0.8411777
此外,,500.0,0.12945646,0.052188817,0.025051834,0.7933035
当时,,500.0,0.56051034,0.06557458,0.03535565,0.33855963
不仅,甚至,500.0,0.04465019,0.07414029,0.0731822,0.80802774
,其间,500.0,0.16778268,0.041046582,0.02543897,0.76573163
总结,,500.0,0.07114761,0.0722885,0.03135125,0.82521313
,然后,500.0,0.1502395,0.049478345,0.03917639,0.76110595
接下来,,500.0,0.15476502,0.04299697,0.018716844,0.7835209
如,可,500.0,0.03249889,0.692183,0.014524861,0.26079345
后来,,500.0,0.22865194,0.058047682,0.022708192,0.690592
以致,,500.0,0.039794836,0.72451127,0.01627619,0.21941797
解释,,500.0,0.075683184,0.06835738,0.032220036,0.8237397
不管,,500.0,0.027741099,0.632827,0.06365293,0.27577907
除非,才,500.0,0.03639272,0.5155239,0.1696799,0.27840334
由于,因而,500.0,0.013508534,0.87836874,0.013757525,0.09436502
尤其,,500.0,0.09969579,0.073676184,0.043596473,0.7830315
比如,,500.0,0.105714455,0.078419715,0.041343424,0.77452195
既然,也,500.0,0.01962782,0.8209803,0.029354708,0.13003713
,只要,500.0,0.025693387,0.054886766,0.04227128,0.87714857
早期,,500.0,0.071099,0.04523483,0.02068304,0.8629833
由于,因此,500.0,0.014097582,0.91069645,0.009732113,0.065473616
尽管,依然,500.0,0.03931769,0.07036733,0.72130114,0.16901349
反而,,500.0,0.06907459,0.09239971,0.06871651,0.76980925
否则,,500.0,0.08531888,0.41823748,0.05557374,0.4408701
,顾名思义,500.0,0.043658704,0.060375854,0.023011254,0.87295413
因,而,500.0,0.03205162,0.71028584,0.022771189,0.23489118
即使,仍然,500.0,0.046205476,0.682337,0.06409926,0.20735812
不仅,而,500.0,0.0241801,0.04563629,0.10125094,0.82893276
,今后,500.0,0.10857192,0.04345335,0.025285548,0.82268965
同理,,500.0,0.05038954,0.04787963,0.021950487,0.87977993
,凡是,500.0,0.041326888,0.09608655,0.11063311,0.75195324
,要么,500.0,0.047066845,0.11852207,0.06353914,0.7708723
,要是,500.0,0.03571659,0.0762097,0.068859644,0.8192142
唯有,才,500.0,0.028840316,0.20262359,0.068331935,0.70020455
进而,,500.0,0.06458179,0.09374656,0.028644873,0.813027
即使,亦,500.0,0.037339885,0.7090612,0.064426355,0.18917216
,归结,500.0,0.07566952,0.07327355,0.037343588,0.8137132
之类,,500.0,0.04542166,0.085281335,0.063478924,0.8058184
,譬如,500.0,0.051430285,0.058452506,0.05113485,0.8389823
,此外,493.0,0.048484012,0.05767804,0.13314891,0.76068914
阐明,,493.0,0.048661582,0.0674683,0.031339604,0.85253036
,言传,493.0,0.061753962,0.057142396,0.039360404,0.84174293
,据称,492.0,0.07482383,0.061655223,0.061759267,0.8017621
,总归,485.0,0.06253363,0.081974246,0.053467117,0.802025
不仅,且,476.0,0.029054672,0.046659842,0.022255642,0.90203
最初,也,466.0,0.108606495,0.045204043,0.047809288,0.7983801
固然,但是,462.0,0.009983218,0.028018182,0.81108487,0.15091361
不仅,连,450.0,0.09432565,0.10995772,0.0752476,0.7204683
纵使,,448.0,0.035347987,0.67220557,0.038310666,0.2541355
假如,则,446.0,0.03428974,0.5026018,0.14283448,0.32027394
阐释,,445.0,0.052944202,0.06634159,0.030550867,0.850163
倘若,不,444.0,0.039796237,0.27582148,0.103074744,0.58130765
目前,现在,432.0,0.31419453,0.055464093,0.04858087,0.5817605
当初,现在,429.0,0.1399863,0.06186985,0.05520007,0.74294424
或者,或,426.0,0.067773044,0.16947891,0.028801631,0.73394674
有鉴于此,,426.0,0.047878515,0.08697391,0.038278174,0.8268689
一言以蔽之,,422.0,0.07130085,0.090408,0.037452057,0.8008392
言传,,418.0,0.08783556,0.07894907,0.034430623,0.7987845
虽然,而,409.0,0.028629506,0.05087851,0.79233813,0.12815368
,也就是说,408.0,0.06299894,0.060391158,0.07342865,0.80318165
若是,就,391.0,0.021750232,0.78324103,0.06572685,0.1292821
幸亏,不然,388.0,0.036123756,0.17705536,0.16360906,0.6232118
再来,,374.0,0.062195685,0.04028846,0.030059565,0.86745596
即使,却,372.0,0.042980198,0.038413115,0.75812894,0.16047762
假如,还,369.0,0.037652705,0.5731921,0.10183487,0.2873204
,反过来,367.0,0.036671333,0.030917643,0.7291948,0.2032162
不仅,并且,367.0,0.040564593,0.062016826,0.04873722,0.8486808
接着,再,351.0,0.24378735,0.062332533,0.03409829,0.659782
到头来,,344.0,0.20054358,0.044153642,0.026194114,0.72910875
免得,,339.0,0.03822687,0.5799168,0.027375195,0.35448146
记叙,,325.0,0.05236891,0.0542969,0.02547644,0.86785793
当时,后来,324.0,0.36369947,0.07694585,0.052183233,0.50717145
不但,连,324.0,0.10124523,0.08988401,0.069381416,0.7394896
总归,,323.0,0.057004828,0.06987731,0.06465691,0.808461
不仅,又,323.0,0.048357632,0.067172155,0.0546103,0.82986015
,这样一来,315.0,0.042660236,0.12959383,0.15810594,0.6696398
,依序,310.0,0.28311485,0.03649403,0.021170959,0.65922004
总的来看,,305.0,0.09261648,0.06337893,0.03199025,0.8120144
不论,就,296.0,0.027895393,0.5265668,0.15889142,0.28664628
虽然,然而,294.0,0.010391962,0.020319551,0.90760666,0.06168166
,总的来说,293.0,0.06153468,0.06017569,0.06080644,0.8174829
最初,后来,285.0,0.06690824,0.038677666,0.032549497,0.8618644
不论,均,283.0,0.038024403,0.3506433,0.10528512,0.5060472
,记叙,277.0,0.061625306,0.044752665,0.019771146,0.8738509
固然,却,275.0,0.035274763,0.03451023,0.6290895,0.30112562
倘若,将,274.0,0.052926682,0.29496512,0.062469017,0.5896392
一方面,,273.0,0.03717798,0.06324749,0.058609527,0.8409647
尽管,可是,268.0,0.008069587,0.01967297,0.92312205,0.04913537
若是,会,267.0,0.032195363,0.6619721,0.07515089,0.2306816
要是,一定,265.0,0.02802173,0.6835961,0.06559152,0.22279094
因,致,264.0,0.031358425,0.79700494,0.0073010144,0.1643354
,再来,263.0,0.102701955,0.041213784,0.041024506,0.81505966
要是,该,261.0,0.022873418,0.7012034,0.07219863,0.20372458
不但,亦,250.0,0.061412737,0.07303186,0.058132965,0.80742234
不但,甚至,250.0,0.04014989,0.06286857,0.07725487,0.8197265
不但,且,249.0,0.027216982,0.036260024,0.02449048,0.91203266
凡,则,249.0,0.044859566,0.14725125,0.091380365,0.71650887
,讲明,246.0,0.08617452,0.05975049,0.021831904,0.8322432
接着,然后,243.0,0.1268373,0.06838159,0.04783697,0.7569441
,释疑,240.0,0.08729196,0.048999663,0.016861612,0.84684676
,据传,239.0,0.08112426,0.044375982,0.05480622,0.8196935
假使,就,237.0,0.023227759,0.720353,0.08142414,0.17499538
转述,,235.0,0.109942704,0.06780754,0.046825457,0.775424
倘若,也,232.0,0.048242208,0.24951252,0.07966444,0.62258095
不仅,并,229.0,0.045302946,0.06137764,0.030373236,0.8629462
或,或是,228.0,0.03601844,0.053626742,0.021835495,0.8885189
,讲清,226.0,0.088236056,0.0704635,0.022093952,0.8192063
不论,要,224.0,0.036937926,0.3914669,0.14110197,0.43049315
假如,可,223.0,0.031769402,0.7028586,0.040072754,0.22529933
,转述,219.0,0.093343005,0.0673911,0.033847556,0.80541843
还是,或者,215.0,0.029568495,0.09121913,0.06974306,0.80946875
千万,不然,212.0,0.03252232,0.34896052,0.15191266,0.46660453
早期,晚期,212.0,0.07195257,0.03653293,0.02109266,0.870422
凡,须,212.0,0.038016345,0.17201668,0.032079123,0.7578881
不论,也,211.0,0.0350856,0.2983903,0.23464599,0.4318781
尽管,不过,211.0,0.0087224785,0.017903151,0.9159963,0.05737775
,自述,209.0,0.07672706,0.043765493,0.024767641,0.85473996
首先,现在,207.0,0.093445644,0.033275276,0.031334773,0.8419446
,同理,204.0,0.049253844,0.042902194,0.02118824,0.88665587
首先,目前,203.0,0.2726731,0.029391954,0.02655103,0.6713841
假如,都,200.0,0.04450433,0.40715,0.09252908,0.45581657
凡是,可,200.0,0.036440022,0.11517473,0.06029654,0.78808886
因,竟,199.0,0.06189784,0.74527115,0.027989866,0.16484132
唯有,能,196.0,0.021300454,0.10566413,0.04721007,0.8258255
即使,但是,196.0,0.008991779,0.019757912,0.9160597,0.05519055
换句话说,,196.0,0.07739212,0.040341232,0.033070404,0.8491963
,阐发,196.0,0.07794599,0.05746314,0.024710631,0.83987993
讲明,,194.0,0.1017831,0.07090976,0.03449556,0.79281145
最初,现在,193.0,0.09683512,0.039072357,0.039430212,0.8246622
首先,而且,192.0,0.029795006,0.06027488,0.11919829,0.79073185
不但,并且,191.0,0.039666444,0.051197443,0.049587723,0.85954845
假如,又,191.0,0.037120253,0.28291014,0.21204257,0.46792728
既然,而,190.0,0.03988388,0.13870631,0.13417467,0.68723506
若是,也,189.0,0.027779749,0.7396072,0.062930755,0.16968247
因,因而,188.0,0.03970118,0.6469666,0.031811643,0.28152066
讲清,,188.0,0.08577464,0.08414377,0.040822543,0.78925914
,据悉,187.0,0.08755368,0.047527924,0.055291332,0.8096269
再者,,185.0,0.031378202,0.053568702,0.05698185,0.8580713
既然,所以,180.0,0.016756574,0.67323744,0.06369069,0.2463153
,幸而,173.0,0.04513866,0.09698417,0.09084504,0.7670323
倘若,又,172.0,0.034850847,0.10816299,0.081216805,0.77576935
首先,同时,172.0,0.054590132,0.06325495,0.058781113,0.82337385
,即令,170.0,0.073026426,0.11846141,0.029237768,0.7792745
要是,又,169.0,0.03291534,0.44933888,0.13151668,0.38622904
当时,过去,169.0,0.5867536,0.062812306,0.04704576,0.3033883
反过来说,,168.0,0.09134474,0.06627487,0.043372132,0.7990085
释疑,,166.0,0.046211928,0.045457046,0.025122844,0.8832084
总括,,164.0,0.14126268,0.055335168,0.027792402,0.7756097
首先,接着,164.0,0.081540614,0.035324596,0.034610536,0.84852415
当初,如今,163.0,0.15097319,0.054893207,0.066356316,0.7277772
不但,同时,161.0,0.051181413,0.067100346,0.041543465,0.8401749
或,那么,156.0,0.05040637,0.08515262,0.08225463,0.7821864
,可见,155.0,0.06364967,0.06556185,0.032087725,0.838701
另一方面,,155.0,0.039458793,0.09379735,0.049900055,0.81684357
即令,,153.0,0.03782132,0.07966166,0.030561151,0.85195565
倘若,便,153.0,0.03757414,0.24255186,0.083146684,0.63672715
无论,皆,153.0,0.040050104,0.32336867,0.088572934,0.5480082
倘若,则,152.0,0.032202467,0.12866752,0.07185884,0.7672712
,叙说,150.0,0.07971047,0.061088923,0.036335662,0.8228649
,而后,144.0,0.1255462,0.040926836,0.03877063,0.79475623
尽管,而,143.0,0.02764638,0.043607343,0.79162115,0.137125
凡是,也,140.0,0.034507785,0.13466008,0.16375121,0.66708094
明言,,140.0,0.05593212,0.056637254,0.041794583,0.8456361
首先,之后,137.0,0.103024974,0.039987735,0.031884924,0.8251022
不但,又,136.0,0.057458367,0.06375244,0.053446073,0.82534283
赶紧,不然,135.0,0.02794917,0.24120729,0.1359837,0.5948596
叙说,,134.0,0.083009824,0.070462994,0.03980012,0.80672723
据闻,,133.0,0.082994975,0.05128067,0.036161214,0.82956314
不论,能,132.0,0.036455587,0.30302164,0.1758731,0.4846495
首先,随后,130.0,0.07206174,0.038933482,0.033057585,0.8559473
既然,则,130.0,0.022811165,0.65310735,0.059210584,0.26487094
据信,,130.0,0.10637318,0.036147725,0.020001935,0.8374769
凡是,将,129.0,0.040618546,0.1727372,0.10121012,0.685434
设若,,129.0,0.046913784,0.1416371,0.090409875,0.7210392
,明言,128.0,0.076012015,0.053515878,0.04331167,0.8271602
尽管,然而,127.0,0.0072369827,0.018692447,0.9123742,0.061696425
,纵使,126.0,0.03003394,0.11608256,0.15191954,0.7019642
依序,,125.0,0.096404314,0.035947993,0.015880717,0.85176694
,而是,124.0,0.01832561,0.026510531,0.7721751,0.18298866
或是,或,124.0,0.076239035,0.14941055,0.027821733,0.74652904
早期,后期,124.0,0.046873786,0.031883705,0.01720264,0.90404
早期,后来,122.0,0.045570232,0.033066265,0.0307391,0.89062446
接着,最后,121.0,0.07816746,0.0541864,0.055017974,0.81262845
凡,便,120.0,0.0459728,0.16417676,0.13543756,0.65441304
,显见,120.0,0.046468567,0.10123323,0.06224185,0.7900563
,倘若,120.0,0.045159075,0.09286737,0.033696305,0.8282773
早期,现在,118.0,0.069461614,0.039031316,0.04269213,0.8488151
显见,,113.0,0.0361158,0.07683119,0.09832726,0.78872573
当时,以后,111.0,0.47736874,0.074499115,0.037990086,0.41014197
,话说,110.0,0.14784434,0.086686656,0.052633718,0.7128354
或者,甚至,108.0,0.039526034,0.06889197,0.08463297,0.8069489
当初,今天,106.0,0.113818996,0.044116933,0.041375175,0.80068904
由于,以致,106.0,0.021111347,0.79909885,0.016581355,0.16320863
当初,曾,105.0,0.53844595,0.05401596,0.03551067,0.3720274
倘若,要,103.0,0.03647201,0.17710274,0.09084344,0.69558185
再则,,103.0,0.072991304,0.035615895,0.06866306,0.8227298
该,不然,102.0,0.027817843,0.1363604,0.13795868,0.697863
省得,,102.0,0.042936835,0.39584982,0.038436826,0.5227768
当时,如今,101.0,0.60485464,0.04819349,0.040820822,0.3061311
一方面,另一方面,100.0,0.049211394,0.081307516,0.17723446,0.6922468
不但,并,97.0,0.038940277,0.05399579,0.030869609,0.8761944
,总括,97.0,0.08062784,0.06312382,0.030893086,0.8253551
倘若,那么,96.0,0.026722193,0.092748575,0.099377476,0.7811518
阐发,,95.0,0.04857369,0.052275017,0.026169075,0.8729824
因为,以致,95.0,0.028665794,0.70022374,0.030460062,0.24065034
不但,而,94.0,0.032018892,0.05135306,0.10546526,0.8111628
据报,,94.0,0.14140652,0.045354072,0.022881867,0.79035777
还是,或是,94.0,0.020468427,0.03584491,0.045936413,0.89775044
,如此一来,92.0,0.037929885,0.11864985,0.20519435,0.638226
当时,今日,87.0,0.7629484,0.035828296,0.022191525,0.17903168
固然,可是,86.0,0.008689335,0.023338282,0.8640235,0.10394896
不论,皆,86.0,0.03111816,0.22149803,0.14733191,0.60005194
随后,最后,85.0,0.079233296,0.04783457,0.039849754,0.8330824
,无论如何,84.0,0.022409847,0.06652258,0.13873337,0.77233416
若是,则,84.0,0.03801926,0.54133326,0.11582789,0.30481955
若是,又,82.0,0.033554282,0.45531014,0.1496806,0.36145502
,未料,81.0,0.051803194,0.045769334,0.61980903,0.28261858
,大致上,80.0,0.061052628,0.046754126,0.037001397,0.855192
最初,然后,80.0,0.07119771,0.036354624,0.040995933,0.8514516
,除此以外,80.0,0.04906381,0.062494326,0.2527049,0.63573694
,申述,79.0,0.07643793,0.053701058,0.021873454,0.8479873
,更有甚者,79.0,0.08881035,0.06014673,0.055526294,0.79551655
有道是,,75.0,0.026824439,0.06572327,0.06131559,0.8461368
因为,於是,74.0,0.038053643,0.725062,0.028266974,0.20861743
,简言之,73.0,0.034461938,0.046668503,0.061038226,0.8578313
或,或许,73.0,0.058698878,0.09394399,0.061737467,0.78561956
最早,现在,72.0,0.07401304,0.029079944,0.041241083,0.85566604
,据信,72.0,0.09133145,0.04893436,0.054324713,0.8054095
因,以致,68.0,0.034806974,0.7562536,0.016827628,0.19211197
申述,,67.0,0.08082094,0.0639349,0.030227927,0.825016
还是,或许,67.0,0.030346336,0.07270643,0.112811126,0.78413624
无论,只要,67.0,0.025002131,0.061566167,0.07443569,0.838996
接着,接着,67.0,0.108202696,0.037773676,0.035584543,0.8184391
,一方面,67.0,0.11383389,0.0629089,0.08342825,0.73982894
不是,就,66.0,0.038592383,0.114110015,0.073986985,0.77331066
不论,必须,65.0,0.03413651,0.13354394,0.08594377,0.74637556
最初,再,64.0,0.1440125,0.052331697,0.03432195,0.7693338
纵使,仍,64.0,0.04163224,0.33631057,0.097708516,0.5243487
,简而言之,63.0,0.031902637,0.05236502,0.063217774,0.85251474
一方面,也,62.0,0.041796785,0.07782437,0.091095515,0.78928345
首先,最后,62.0,0.058106765,0.036138102,0.037060652,0.8686944
倘若,可能,61.0,0.040687717,0.1279258,0.044314038,0.7870725
反过来,,61.0,0.048492685,0.082337864,0.4166703,0.45249915
最早,后来,60.0,0.058089945,0.032681547,0.029675977,0.8795526
固然,而,60.0,0.011644174,0.027632605,0.80828077,0.15244237
既,而且,58.0,0.02437951,0.054771077,0.047796153,0.8730533
要是,恐怕,57.0,0.035847187,0.4715768,0.18069859,0.31187743
当初,后来,57.0,0.06929246,0.04664421,0.051621392,0.8324418
因,反而,54.0,0.05589006,0.67419106,0.038572304,0.23134652
既然,因此,54.0,0.00912846,0.8050361,0.043633636,0.14220193
照说,,53.0,0.114545316,0.060213897,0.05296244,0.7722783
纵使,还是,52.0,0.03266111,0.8142718,0.023415606,0.12965149
最初,最后,52.0,0.06802006,0.03223671,0.038644645,0.8610986
当初,再,52.0,0.13218504,0.06475819,0.03697727,0.7660796
未料,,51.0,0.043900844,0.07347647,0.5518749,0.33074784
固然,然而,51.0,0.007274839,0.016430095,0.8912054,0.085089676
即令,也,51.0,0.039177265,0.08557274,0.075981505,0.7992685
既然,看来,50.0,0.018128145,0.74996,0.038468774,0.1934431
,若是,50.0,0.0422502,0.052666284,0.05134366,0.8537399
,换言之,48.0,0.044138297,0.056458984,0.08094567,0.81845707
最早,目前,48.0,0.10574942,0.026051017,0.036599446,0.8316001
早期,当时,47.0,0.051132698,0.027127724,0.024676878,0.8970625
,一言以蔽之,47.0,0.06999328,0.039319742,0.028111778,0.8625753
,据闻,46.0,0.12510642,0.047522917,0.055143055,0.7722276
,再者,46.0,0.043084677,0.054465793,0.06616455,0.83628505
固然,不过,45.0,0.0078669265,0.019169368,0.8821027,0.09086091
无论如何,,44.0,0.032007568,0.053148363,0.118022226,0.7968218
首先,继而,43.0,0.05261318,0.029724376,0.031806506,0.8858559
若是,将,43.0,0.022628034,0.80899245,0.04769615,0.120683394
应,不然,42.0,0.042645678,0.2465868,0.12639572,0.58437175
,假使,42.0,0.022671094,0.04551757,0.06450696,0.8673045
或是,还是,40.0,0.072646484,0.16050038,0.039457973,0.7273951
,相反的,39.0,0.049260598,0.024236728,0.77789104,0.14861162
质言之,,39.0,0.026119933,0.016087601,0.014101946,0.9436905
而后,,39.0,0.14590947,0.04562103,0.028100885,0.7803685
俗话说,,39.0,0.038729984,0.048749033,0.043871313,0.8686496
,陈诉,38.0,0.10845707,0.0677556,0.04107511,0.7827122
,总而言之,38.0,0.028531061,0.0876332,0.17752692,0.70630866
,据报,38.0,0.2393969,0.055894677,0.06851584,0.6361925
再不然,,38.0,0.06823314,0.052761983,0.53195524,0.34704962
虽说,但,37.0,0.012247156,0.017750937,0.9203371,0.04966481
除此之外,,36.0,0.058462217,0.08931439,0.06532955,0.7868937
不论,才,36.0,0.023711301,0.43171108,0.13950169,0.40507597
至少,不然,36.0,0.03210101,0.14723824,0.24954902,0.5711119
即可,,35.0,0.024587521,0.06684954,0.04223217,0.8663308
当初,至今,35.0,0.26982394,0.053089403,0.03125167,0.645835
可幸,,35.0,0.015242963,0.05351481,0.09727492,0.8339673
,即可,34.0,0.047441497,0.07109011,0.049562573,0.83190584
,迄未,33.0,0.09422489,0.035224162,0.017395608,0.8531554
还是,抑或,33.0,0.017276542,0.044102706,0.077306025,0.8613146
早期,现,31.0,0.04578626,0.023788173,0.023264892,0.9071606
,不只,30.0,0.08856274,0.04792868,0.046391077,0.8171175
不论,只要,30.0,0.017523846,0.06623324,0.07136974,0.84487313
陈诉,,30.0,0.10286205,0.083889596,0.029432096,0.7838162
纵使,仍然,29.0,0.03818908,0.66584814,0.060334638,0.23562822
因,於是,29.0,0.042582605,0.7821965,0.023277758,0.1519433
,换句话说,29.0,0.043167017,0.06115218,0.13313685,0.7625441
进而,更,28.0,0.07062851,0.14071257,0.031917397,0.75674146
或者,或是,27.0,0.036271412,0.054872505,0.027882459,0.8809737
若是,可能,26.0,0.07166583,0.6379941,0.04742758,0.24291247
幸而,不然,26.0,0.03680183,0.18001501,0.20647925,0.57670397
当时,下午,26.0,0.68158436,0.044346575,0.028174428,0.24589469
当时,接着,26.0,0.6551221,0.06156957,0.03824721,0.24506101
最初,目前,26.0,0.11527562,0.033054687,0.03266551,0.8190041
,称述,25.0,0.065069765,0.050985184,0.022040691,0.8619045
进而,并,25.0,0.061130047,0.076422,0.027931381,0.83451647
,照说,24.0,0.061360728,0.058044303,0.08883229,0.79176265
首先,接下来,24.0,0.07422511,0.048789132,0.07366761,0.8033182
称述,,23.0,0.0873652,0.06303761,0.033390652,0.8162064
或是,或者,23.0,0.04565265,0.07151844,0.044339377,0.8384896
大致上,,21.0,0.045532297,0.040799826,0.033778146,0.8798896
虽说,,21.0,0.043715943,0.036950093,0.83535784,0.08397623
当初,终于,20.0,0.13500625,0.054587293,0.04985295,0.76055366
或,偶尔,20.0,0.13404503,0.07726594,0.053233456,0.73545563
不只,,19.0,0.03792112,0.045004237,0.04246709,0.87460756
若是,那么,19.0,0.029693898,0.33245167,0.19755952,0.44029498
首先,随即,19.0,0.077571064,0.033614427,0.022410795,0.8664036
要是,则,18.0,0.05126438,0.24861759,0.16741651,0.5327015
,反过来说,18.0,0.066800095,0.07411179,0.114789635,0.7442984
无可讳言,,18.0,0.06520388,0.07337387,0.044087045,0.8173351
讵料,,17.0,0.09386069,0.04417073,0.4468123,0.41515636
另一方面,也,17.0,0.06844957,0.11236426,0.061213985,0.75797224
即使,只要,17.0,0.027387803,0.10304591,0.10109722,0.76846915
总言之,,15.0,0.09512531,0.034380548,0.024261571,0.84623265
当初,过去,15.0,0.20916311,0.05147399,0.041600037,0.6977628
最早,再,14.0,0.07326495,0.025081744,0.03965956,0.8619938
最早,然后,14.0,0.076057665,0.035903774,0.045999777,0.8420388
最初,初,14.0,0.09957225,0.024921471,0.024802616,0.8507037
,总的来看,14.0,0.06569706,0.060821377,0.04089095,0.83259076
不是,而是,14.0,0.04174957,0.059268083,0.0644763,0.83450603
,据云,13.0,0.051176324,0.04479901,0.03710745,0.8669171
早期,如今,13.0,0.07660632,0.032457504,0.03603908,0.8548971
早期,至今,13.0,0.07257454,0.031023642,0.019038156,0.87736374
,设若,12.0,0.05195573,0.0839203,0.021614522,0.84250945
最初,终于,12.0,0.7337537,0.050049707,0.015041099,0.2011555
据了解,,11.0,0.100432396,0.030582946,0.011042641,0.85794187
接着,首先,11.0,0.09828901,0.028615665,0.02615059,0.8469446
凡,不得,11.0,0.045700118,0.10469068,0.10603781,0.74357146
当初,目前,11.0,0.41491205,0.06235143,0.03597244,0.4867643
早期,今日,10.0,0.0703031,0.03443672,0.031463943,0.8637961
,虽说,10.0,0.021812778,0.031923383,0.28511652,0.6611475
首先,其后,10.0,0.05050975,0.03381814,0.032891974,0.8827802
当初,之后,10.0,0.10057549,0.043599922,0.05117082,0.80465376
,讵料,10.0,0.09339568,0.07707243,0.2991523,0.53037953
首先,而后,9.0,0.053284153,0.0275262,0.03536811,0.8838218
迄未,,9.0,0.078887895,0.030643199,0.013311174,0.87715775
,俗话说,8.0,0.03566881,0.05445656,0.047559187,0.86231554
不只,还,8.0,0.050450627,0.0493543,0.07718997,0.8230054
,无可讳言,8.0,0.044263624,0.03988546,0.041517027,0.8743339
一方面,同时,8.0,0.05599397,0.0641182,0.08405852,0.7958293
虽则,,8.0,0.0457147,0.111296095,0.35345846,0.48953062
首先,再者,8.0,0.020947527,0.041618936,0.053835828,0.88359773
设若,则,8.0,0.04424111,0.1178649,0.23927063,0.5986232
据云,,8.0,0.11572257,0.025066588,0.016336769,0.8428742
要不是,,7.0,0.02109393,0.10894019,0.061708745,0.8082575
,可幸,7.0,0.011760339,0.07998605,0.077691175,0.8305623
早期,然后,7.0,0.04677867,0.050038498,0.039548527,0.8636342
早期,近年,7.0,0.086406216,0.034953676,0.023590613,0.8550495
可见得,,7.0,0.058622103,0.021968871,0.042583846,0.8768252
尤有甚者,,6.0,0.061278883,0.03294002,0.026219001,0.8795622
一方面,一方面,6.0,0.12256446,0.06499124,0.10826031,0.70418406
最初,刚,6.0,0.6214088,0.04415771,0.032824326,0.30160907
最初,今日,6.0,0.102927856,0.035178784,0.018283462,0.8436098
,有道是,6.0,0.014345392,0.040305197,0.08233971,0.8630097
慢说,,6.0,0.08662655,0.05865668,0.035786748,0.81893015
早期,最近,5.0,0.11764358,0.03582666,0.03345222,0.81307733
不只,也,5.0,0.07317326,0.066567905,0.053592615,0.8066662
设若,那么,5.0,0.05564288,0.13745442,0.107504204,0.69939864
首先,稍后,5.0,0.06629993,0.02162972,0.04801258,0.86405784
,想不到,5.0,0.062119998,0.10616118,0.20926663,0.62245196
进而,甚至,4.0,0.039649878,0.056387775,0.040985823,0.86297655
,除此之外,4.0,0.03494855,0.0540798,0.2476645,0.66330695
当初,今后,4.0,0.50509626,0.051205322,0.026078986,0.41761976
不只,更,4.0,0.0268205,0.048347175,0.048052877,0.8767792
既然,於是,4.0,0.023723453,0.71069324,0.01683963,0.2487435
相反的,,4.0,0.11572309,0.050829012,0.46760774,0.36584
老实说,,3.0,0.12738131,0.036443032,0.053560704,0.78261536
当初,去年,3.0,0.29701146,0.025880799,0.028825402,0.64828235
接着,再来,3.0,0.027854064,0.030381167,0.07084303,0.8709216
最早,其后,3.0,0.091872804,0.03560947,0.022142902,0.8503747
要不是,会,3.0,0.018438047,0.19312699,0.04901987,0.739415
早期,接着,3.0,0.09109176,0.020892883,0.036922265,0.851093
当初,始终,3.0,0.44998732,0.0922567,0.0900611,0.36769465
最终,不然,3.0,0.01762814,0.17671682,0.44999003,0.355665
首先,依序,2.0,0.576193,0.0282912,0.00745865,0.388057
或,而是,2.0,0.01001585,0.0383907,0.049601898,0.9019915
首先,再来,2.0,0.0287789,0.0291491,0.03330885,0.908763
不只,而且,2.0,0.039638452,0.12790155,0.06715575,0.7653045
不只,都,2.0,0.0273334,0.025698,0.0244745,0.922494
虽说,却,2.0,0.14851724,0.030135851,0.7080525,0.11329415
而是,,2.0,0.01082087,0.06536775,0.07054275,0.8532685
早期,其后,2.0,0.027173102,0.04564055,0.05129645,0.87588954
不只,而,2.0,0.02189285,0.04134135,0.04919225,0.88757396
当初,其后,1.0,0.129762,0.0473397,0.0161924,0.806706
偷偷,不然,1.0,0.0241922,0.11918,0.166464,0.690163
,再不然,1.0,0.128343,0.0446182,0.195675,0.631363
只要,即可,1.0,0.0266618,0.0874525,0.649995,0.235891
当初,到头来,1.0,0.0306563,0.0444611,0.0721384,0.852744
要不是,就,1.0,0.00955901,0.0903257,0.069193,0.830922
,另方面,1.0,0.0559209,0.0803547,0.00769767,0.856027
早期,其间,1.0,0.0309531,0.0333557,0.0387756,0.896916
易言之,,1.0,0.0164294,0.00660511,0.00492771,0.972038
,要不是,1.0,0.00321806,0.0834866,0.435903,0.477392
虽说,其实,1.0,0.0453258,0.0741401,0.0487863,0.831748
不仅,而是,1.0,0.00573439,0.0192455,0.0234165,0.951604
相反地,,1.0,0.397474,0.32434,0.0311558,0.24703
同样地,,1.0,0.0676248,0.0905488,0.0531442,0.788682
要不是,早,1.0,0.0347639,0.462561,0.0640509,0.438624
虽说,可是,1.0,0.0013591,0.00525833,0.977697,0.0156855
